day,slot,slot_window,lot_id,incoming,outgoing,checkin_capacity,checkout_capacity,checkin_util,checkout_util,worst_util,bottleneck_direction,status
Mon,S0,"('06:15', '06:45')",P1,624.5636100728539,0.0,1200,360,0.5204696750607115,0.0,0.5204696750607115,-,OK
Mon,S0,"('06:15', '06:45')",P2,1179.0539110547988,0.0,1200,360,0.982544925878999,0.0,0.982544925878999,Checkin,PEAK
Mon,S0,"('06:15', '06:45')",P3,365.3557566043712,0.0,1200,360,0.30446313050364265,0.0,0.30446313050364265,-,OK
Mon,S0,"('06:15', '06:45')",P4,571.7767222679759,0.0,1200,360,0.47648060188997987,0.0,0.47648060188997987,-,OK
Mon,S1,"('09:05', '09:55')",P1,282.4061140323092,624.5636100728539,1200,360,0.23533842836025765,1.7348989168690385,1.7348989168690385,Checkout,BOTTLENECK
Mon,S1,"('09:05', '09:55')",P2,520.6745553373456,1179.0539110547988,1200,360,0.43389546278112134,3.275149752929997,3.275149752929997,Checkout,BOTTLENECK
Mon,S1,"('09:05', '09:55')",P3,159.85200684193853,365.3557566043712,1200,360,0.13321000570161545,1.014877101678809,1.014877101678809,Checkout,BOTTLENECK
Mon,S1,"('09:05', '09:55')",P4,249.49732378840673,571.7767222679759,1200,360,0.20791443649033894,1.5882686729665996,1.5882686729665996,Checkout,BOTTLENECK
Mon,S2,"('12:15', '13:00')",P1,415.7667830218562,282.4061140323092,1200,360,0.3464723191848802,0.7844614278675255,0.7844614278675255,-,OK
Mon,S2,"('12:15', '13:00')",P2,755.9814933164396,520.6745553373456,1200,360,0.6299845777636996,1.4463182092704046,1.4463182092704046,Checkout,BOTTLENECK
Mon,S2,"('12:15', '13:00')",P3,205.00188698131134,159.85200684193853,1200,360,0.17083490581775945,0.44403335233871816,0.44403335233871816,-,OK
Mon,S2,"('12:15', '13:00')",P4,333.71983668039275,249.49732378840673,1200,360,0.2780998639003273,0.6930481216344632,0.6930481216344632,-,OK
Mon,S3,"('15:20', '16:10')",P1,142.45056604371237,415.7667830218562,1200,360,0.11870880503642697,1.1549077306162672,1.1549077306162672,Checkout,BOTTLENECK
Mon,S3,"('15:20', '16:10')",P2,268.8121866328793,755.9814933164396,1200,360,0.2240101555273994,2.0999485925456653,2.0999485925456653,Checkout,BOTTLENECK
Mon,S3,"('15:20', '16:10')",P3,82.78337396262275,205.00188698131134,1200,360,0.06898614496885229,0.5694496860591982,0.5694496860591982,-,OK
Mon,S3,"('15:20', '16:10')",P4,129.87387336078555,333.71983668039275,1200,360,0.10822822780065462,0.9269995463344243,0.9269995463344243,Checkout,PEAK
Mon,S4,"('18:30', '19:00')",P1,0.0,142.45056604371237,1200,360,0.0,0.3956960167880899,0.3956960167880899,-,OK
Mon,S4,"('18:30', '19:00')",P2,0.0,268.8121866328793,1200,360,0.0,0.7467005184246647,0.7467005184246647,-,OK
Mon,S4,"('18:30', '19:00')",P3,0.0,82.78337396262275,1200,360,0.0,0.22995381656284097,0.22995381656284097,-,OK
Mon,S4,"('18:30', '19:00')",P4,0.0,129.87387336078555,1200,360,0.0,0.36076075933551544,0.36076075933551544,-,OK
Tue,S0,"('06:15', '06:45')",P1,173.3766411149826,0.0,1200,360,0.1444805342624855,0.0,0.1444805342624855,-,OK
Tue,S0,"('06:15', '06:45')",P2,325.0700822299652,0.0,1200,360,0.2708917351916377,0.0,0.2708917351916377,-,OK
Tue,S0,"('06:15', '06:45')",P3,88.30451846689895,0.0,1200,360,0.0735870987224158,0.0,0.0735870987224158,-,OK
Tue,S0,"('06:15', '06:45')",P4,139.4087581881533,0.0,1200,360,0.11617396515679443,0.0,0.11617396515679443,-,OK
Tue,S1,"('09:05', '09:55')",P1,212.58412891986063,173.3766411149826,1200,360,0.1771534407665505,0.48160178087495165,0.48160178087495165,-,OK
Tue,S1,"('09:05', '09:55')",P2,338.64825783972117,325.0700822299652,1200,360,0.282206881533101,0.9029724506387922,0.9029724506387922,Checkout,PEAK
Tue,S1,"('09:05', '09:55')",P3,106.48494773519162,88.30451846689895,1200,360,0.08873745644599303,0.24529032907471932,0.24529032907471932,-,OK
Tue,S1,"('09:05', '09:55')",P4,171.69266550522647,139.4087581881533,1200,360,0.1430772212543554,0.3872465505226481,0.3872465505226481,-,OK
Tue,S2,"('12:15', '13:00')",P1,208.36529680076023,212.58412891986063,1200,360,0.17363774733396686,0.5905114692218351,0.5905114692218351,-,OK
Tue,S2,"('12:15', '13:00')",P2,398.97437541970226,338.64825783972117,1200,360,0.3324786461830852,0.9406896051103366,0.9406896051103366,Checkout,PEAK
Tue,S2,"('12:15', '13:00')",P3,103.1563578080456,106.48494773519162,1200,360,0.08596363150670466,0.2957915214866434,0.2957915214866434,-,OK
Tue,S2,"('12:15', '13:00')",P4,167.2439699714919,171.69266550522647,1200,360,0.13936997497624326,0.4769240708478513,0.4769240708478513,-,OK
Tue,S3,"('15:20', '16:10')",P1,28.31442857142857,208.36529680076023,1200,360,0.023595357142857144,0.5787924911132228,0.5787924911132228,-,OK
Tue,S3,"('15:20', '16:10')",P2,38.08165714285714,398.97437541970226,1200,360,0.03173471428571428,1.1082621539436173,1.1082621539436173,Checkout,BOTTLENECK
Tue,S3,"('15:20', '16:10')",P3,14.018685714285715,103.1563578080456,1200,360,0.011682238095238096,0.2865454383556822,0.2865454383556822,-,OK
Tue,S3,"('15:20', '16:10')",P4,23.015228571428572,167.2439699714919,1200,360,0.019179357142857144,0.4645665832541442,0.4645665832541442,-,OK
Tue,S4,"('18:30', '19:00')",P1,0.0,28.31442857142857,1200,360,0.0,0.07865119047619047,0.07865119047619047,-,OK
Tue,S4,"('18:30', '19:00')",P2,0.0,38.08165714285714,1200,360,0.0,0.10578238095238095,0.10578238095238095,-,OK
Tue,S4,"('18:30', '19:00')",P3,0.0,14.018685714285715,1200,360,0.0,0.03894079365079365,0.03894079365079365,-,OK
Tue,S4,"('18:30', '19:00')",P4,0.0,23.015228571428572,1200,360,0.0,0.06393119047619047,0.06393119047619047,-,OK
Wed,S0,"('06:15', '06:45')",P1,571.947233132721,0.0,1200,360,0.47662269427726744,0.0,0.47662269427726744,-,OK
Wed,S0,"('06:15', '06:45')",P2,1053.1893753563509,0.0,1200,360,0.8776578127969591,0.0,0.8776578127969591,-,OK
Wed,S0,"('06:15', '06:45')",P3,293.28813398796325,0.0,1200,360,0.2444067783233027,0.0,0.2444067783233027,-,OK
Wed,S0,"('06:15', '06:45')",P4,474.9152575229648,0.0,1200,360,0.39576271460247064,0.0,0.39576271460247064,-,OK
Wed,S1,"('09:05', '09:55')",P1,388.74234938232496,571.947233132721,1200,360,0.32395195781860414,1.5887423142575583,1.5887423142575583,Checkout,BOTTLENECK
Wed,S1,"('09:05', '09:55')",P2,713.0735714919226,1053.1893753563509,1200,360,0.5942279762432688,2.9255260426565304,2.9255260426565304,Checkout,BOTTLENECK
Wed,S1,"('09:05', '09:55')",P3,214.3860809629395,293.28813398796325,1200,360,0.17865506746911625,0.8146892610776757,0.8146892610776757,-,OK
Wed,S1,"('09:05', '09:55')",P4,339.4179981628128,474.9152575229648,1200,360,0.28284833180234403,1.3192090486749022,1.3192090486749022,Checkout,BOTTLENECK
Wed,S2,"('12:15', '13:00')",P1,468.2454852708267,388.74234938232496,1200,360,0.39020457105902223,1.079839859395347,1.079839859395347,Checkout,BOTTLENECK
Wed,S2,"('12:15', '13:00')",P2,894.0998432689261,713.0735714919226,1200,360,0.7450832027241051,1.9807599208108961,1.9807599208108961,Checkout,BOTTLENECK
Wed,S2,"('12:15', '13:00')",P3,258.27426911624957,214.3860809629395,1200,360,0.21522855759687465,0.5955168915637208,0.5955168915637208,-,OK
Wed,S2,"('12:15', '13:00')",P4,410.77040234399743,339.4179981628128,1200,360,0.34230866861999787,0.94282777267448,0.94282777267448,Checkout,PEAK
Wed,S3,"('15:20', '16:10')",P1,215.30905923344943,468.2454852708267,1200,360,0.17942421602787453,1.300681903530074,1.300681903530074,Checkout,BOTTLENECK
Wed,S3,"('15:20', '16:10')",P2,408.9461184668989,894.0998432689261,1200,360,0.3407884320557491,2.4836106757470167,2.4836106757470167,Checkout,BOTTLENECK
Wed,S3,"('15:20', '16:10')",P3,119.79654355400694,258.27426911624957,1200,360,0.09983045296167245,0.7174285253229155,0.7174285253229155,-,OK
Wed,S3,"('15:20', '16:10')",P4,185.88827874564458,410.77040234399743,1200,360,0.15490689895470383,1.141028895399993,1.141028895399993,Checkout,BOTTLENECK
Wed,S4,"('18:30', '19:00')",P1,0.0,215.30905923344943,1200,360,0.0,0.5980807200929151,0.5980807200929151,-,OK
Wed,S4,"('18:30', '19:00')",P2,0.0,408.9461184668989,1200,360,0.0,1.1359614401858302,1.1359614401858302,Checkout,BOTTLENECK
Wed,S4,"('18:30', '19:00')",P3,0.0,119.79654355400694,1200,360,0.0,0.33276817653890817,0.33276817653890817,-,OK
Wed,S4,"('18:30', '19:00')",P4,0.0,185.88827874564458,1200,360,0.0,0.5163563298490127,0.5163563298490127,-,OK
Thu,S0,"('06:15', '06:45')",P1,208.59098828001268,0.0,1200,360,0.17382582356667722,0.0,0.17382582356667722,-,OK
Thu,S0,"('06:15', '06:45')",P2,425.5656129236617,0.0,1200,360,0.35463801076971807,0.0,0.35463801076971807,-,OK
Thu,S0,"('06:15', '06:45')",P3,120.25045929680076,0.0,1200,360,0.1002087160806673,0.0,0.1002087160806673,-,OK
Thu,S0,"('06:15', '06:45')",P4,186.20293949952486,0.0,1200,360,0.15516911624960406,0.0,0.15516911624960406,-,OK
Thu,S1,"('09:05', '09:55')",P1,197.77834114665822,208.59098828001268,1200,360,0.16481528428888184,0.5794194118889241,0.5794194118889241,-,OK
Thu,S1,"('09:05', '09:55')",P2,367.5619913842255,425.5656129236617,1200,360,0.3063016594868546,1.182126702565727,1.182126702565727,Checkout,BOTTLENECK
Thu,S1,"('09:05', '09:55')",P3,105.20756046879949,120.25045929680076,1200,360,0.0876729670573329,0.33402905360222435,0.33402905360222435,-,OK
Thu,S1,"('09:05', '09:55')",P4,170.41210700031675,186.20293949952486,1200,360,0.14201008916693061,0.5172303874986801,0.5172303874986801,-,OK
Thu,S2,"('12:15', '13:00')",P1,185.89557142857137,197.77834114665822,1200,360,0.15491297619047614,0.5493842809629395,0.5493842809629395,-,OK
Thu,S2,"('12:15', '13:00')",P2,334.4823428571428,367.5619913842255,1200,360,0.27873528571428563,1.0210055316228486,1.0210055316228486,Checkout,BOTTLENECK
Thu,S2,"('12:15', '13:00')",P3,111.31331428571426,105.20756046879949,1200,360,0.09276109523809521,0.29224322352444304,0.29224322352444304,-,OK
Thu,S2,"('12:15', '13:00')",P4,173.3387714285714,170.41210700031675,1200,360,0.14444897619047617,0.47336696388976873,0.47336696388976873,-,OK
Thu,S3,"('15:20', '16:10')",P1,90.17686411149825,185.89557142857137,1200,360,0.07514738675958187,0.5163765873015872,0.5163765873015872,-,OK
Thu,S3,"('15:20', '16:10')",P2,180.3537282229965,334.4823428571428,1200,360,0.15029477351916373,0.9291176190476188,0.9291176190476188,Checkout,PEAK
Thu,S3,"('15:20', '16:10')",P3,56.466811846689886,111.31331428571426,1200,360,0.047055676538908235,0.3092036507936507,0.3092036507936507,-,OK
Thu,S3,"('15:20', '16:10')",P4,85.48259581881533,173.3387714285714,1200,360,0.07123549651567944,0.4814965873015872,0.4814965873015872,-,OK
Thu,S4,"('18:30', '19:00')",P1,0.0,90.17686411149825,1200,360,0.0,0.25049128919860625,0.25049128919860625,-,OK
Thu,S4,"('18:30', '19:00')",P2,0.0,180.3537282229965,1200,360,0.0,0.5009825783972125,0.5009825783972125,-,OK
Thu,S4,"('18:30', '19:00')",P3,0.0,56.466811846689886,1200,360,0.0,0.15685225512969414,0.15685225512969414,-,OK
Thu,S4,"('18:30', '19:00')",P4,0.0,85.48259581881533,1200,360,0.0,0.2374516550522648,0.2374516550522648,-,OK
Fri,S0,"('06:15', '06:45')",P1,364.90769147925243,0.0,1200,360,0.304089742899377,0.0,0.304089742899377,-,OK
Fri,S0,"('06:15', '06:45')",P2,694.8064375039594,0.0,1200,360,0.5790053645866329,0.0,0.5790053645866329,-,OK
Fri,S0,"('06:15', '06:45')",P3,211.19670148875508,0.0,1200,360,0.17599725124062923,0.0,0.17599725124062923,-,OK
Fri,S0,"('06:15', '06:45')",P4,331.5791695280329,0.0,1200,360,0.27631597460669405,0.0,0.27631597460669405,-,OK
Fri,S1,"('09:05', '09:55')",P1,249.3913626860944,364.90769147925243,1200,360,0.20782613557174534,1.0136324763312567,1.0136324763312567,Checkout,BOTTLENECK
Fri,S1,"('09:05', '09:55')",P2,470.6294162812797,694.8064375039594,1200,360,0.39219118023439975,1.9300178819554428,1.9300178819554428,Checkout,BOTTLENECK
Fri,S1,"('09:05', '09:55')",P3,136.05572176116567,211.19670148875508,1200,360,0.11337976813430473,0.5866575041354308,0.5866575041354308,-,OK
Fri,S1,"('09:05', '09:55')",P4,215.52349927146022,331.5791695280329,1200,360,0.1796029160595502,0.9210532486889802,0.9210532486889802,Checkout,PEAK
Fri,S2,"('12:15', '13:00')",P1,465.06982926829266,249.3913626860944,1200,360,0.38755819105691053,0.6927537852391511,0.6927537852391511,-,OK
Fri,S2,"('12:15', '13:00')",P2,898.0284585365853,470.6294162812797,1200,360,0.7483570487804877,1.307303934114666,1.307303934114666,Checkout,BOTTLENECK
Fri,S2,"('12:15', '13:00')",P3,266.71300975609756,136.05572176116567,1200,360,0.22226084146341463,0.3779325604476824,0.3779325604476824,-,OK
Fri,S2,"('12:15', '13:00')",P4,418.96870243902436,215.52349927146022,1200,360,0.34914058536585363,0.5986763868651673,0.5986763868651673,-,OK
Fri,S3,"('15:20', '16:10')",P1,93.30932372505544,465.06982926829266,1200,360,0.07775776977087953,1.2918606368563685,1.2918606368563685,Checkout,BOTTLENECK
Fri,S3,"('15:20', '16:10')",P2,193.36955654101996,898.0284585365853,1200,360,0.16114129711751662,2.494523495934959,2.494523495934959,Checkout,BOTTLENECK
Fri,S3,"('15:20', '16:10')",P3,52.423259423503325,266.71300975609756,1200,360,0.0436860495195861,0.7408694715447155,0.7408694715447155,-,OK
Fri,S3,"('15:20', '16:10')",P4,82.1778603104213,418.96870243902436,1200,360,0.06848155025868441,1.1638019512195121,1.1638019512195121,Checkout,BOTTLENECK
Fri,S4,"('18:30', '19:00')",P1,0.0,93.30932372505544,1200,360,0.0,0.25919256590293177,0.25919256590293177,-,OK
Fri,S4,"('18:30', '19:00')",P2,0.0,193.36955654101996,1200,360,0.0,0.5371376570583888,0.5371376570583888,-,OK
Fri,S4,"('18:30', '19:00')",P3,0.0,52.423259423503325,1200,360,0.0,0.14562016506528702,0.14562016506528702,-,OK
Fri,S4,"('18:30', '19:00')",P4,0.0,82.1778603104213,1200,360,0.0,0.2282718341956147,0.2282718341956147,-,OK
Sat,S0,"('06:15', '06:45')",P1,267.6796021539436,0.0,1200,360,0.22306633512828636,0.0,0.22306633512828636,-,OK
Sat,S0,"('06:15', '06:45')",P2,503.31222248970545,0.0,1200,360,0.41942685207475455,0.0,0.41942685207475455,-,OK
Sat,S0,"('06:15', '06:45')",P3,136.7180561292366,0.0,1200,360,0.1139317134410305,0.0,0.1139317134410305,-,OK
Sat,S0,"('06:15', '06:45')",P4,223.27011922711432,0.0,1200,360,0.18605843268926192,0.0,0.18605843268926192,-,OK
Sat,S1,"('09:05', '09:55')",P1,212.44798131137154,267.6796021539436,1200,360,0.17703998442614294,0.7435544504276211,0.7435544504276211,-,OK
Sat,S1,"('09:05', '09:55')",P2,390.6931989863794,503.31222248970545,1200,360,0.32557766582198283,1.3980895069158485,1.3980895069158485,Checkout,BOTTLENECK
Sat,S1,"('09:05', '09:55')",P3,109.95001887868227,136.7180561292366,1200,360,0.09162501573223522,0.37977237813676834,0.37977237813676834,-,OK
Sat,S1,"('09:05', '09:55')",P4,177.59880082356665,223.27011922711432,1200,360,0.14799900068630553,0.6201947756308731,0.6201947756308731,-,OK
Sat,S2,"('12:15', '13:00')",P1,151.92005479885967,212.44798131137154,1200,360,0.1266000456657164,0.5901332814204765,0.5901332814204765,-,OK
Sat,S2,"('12:15', '13:00')",P2,283.6392368704466,390.6931989863794,1200,360,0.23636603072537218,1.0852588860732761,1.0852588860732761,Checkout,BOTTLENECK
Sat,S2,"('12:15', '13:00')",P3,69.81586328793158,109.95001887868227,1200,360,0.058179886073276316,0.3054167191074508,0.3054167191074508,-,OK
Sat,S2,"('12:15', '13:00')",P4,116.13484504276212,177.59880082356665,1200,360,0.0967790375356351,0.49333000228768514,0.49333000228768514,-,OK
Sat,S3,"('15:20', '16:10')",P1,73.27156794425088,151.92005479885967,1200,360,0.0610596399535424,0.4220001522190546,0.4220001522190546,-,OK
Sat,S3,"('15:20', '16:10')",P2,128.17513588850176,283.6392368704466,1200,360,0.10681261324041813,0.7878867690845739,0.7878867690845739,-,OK
Sat,S3,"('15:20', '16:10')",P3,39.755094076655055,69.81586328793158,1200,360,0.033129245063879216,0.19393295357758772,0.19393295357758772,-,OK
Sat,S3,"('15:20', '16:10')",P4,62.51820209059234,116.13484504276212,1200,360,0.05209850174216028,0.32259679178545037,0.32259679178545037,-,OK
Sat,S4,"('18:30', '19:00')",P1,0.0,73.27156794425088,1200,360,0.0,0.20353213317847466,0.20353213317847466,-,OK
Sat,S4,"('18:30', '19:00')",P2,0.0,128.17513588850176,1200,360,0.0,0.3560420441347271,0.3560420441347271,-,OK
Sat,S4,"('18:30', '19:00')",P3,0.0,39.755094076655055,1200,360,0.0,0.11043081687959738,0.11043081687959738,-,OK
Sat,S4,"('18:30', '19:00')",P4,0.0,62.51820209059234,1200,360,0.0,0.1736616724738676,0.1736616724738676,-,OK
