move_no,rank,schedule_id,class_id,num_students,building,from_day,from_shift,from_room,to_day,to_shift,to_room,contribution_to_source_bottleneck,bottleneck_points,peak_points,total_overload_excess,max_worst_util,daily_load_std,day_shift_load_std
1,1,SCH00172,LHP0121,80,A2,Mon,Ca1,A2-0210,Tue,Ca4,A2-0301,31.199999999999996,26,8,15.077401800056311,3.1884830862633304,2035.5383945176657,768.8135158946038
1,2,SCH00172,LHP0121,80,A2,Mon,Ca1,A2-0210,Tue,Ca1,A2-0301,31.199999999999996,26,8,15.077401800056311,3.1884830862633304,2035.5383945176657,772.0023028175211
1,3,SCH00172,LHP0121,80,A2,Mon,Ca1,A2-0210,Sat,Ca4,A2-0301,31.199999999999996,26,8,15.077401800056311,3.1884830862633304,2038.68010132918,769.9139923105408
1,4,SCH00172,LHP0121,80,A2,Mon,Ca1,A2-0210,Sat,Ca3,A2-0301,31.199999999999996,26,8,15.077401800056311,3.1884830862633304,2038.68010132918,771.4580711584756
1,5,SCH00172,LHP0121,80,A2,Mon,Ca1,A2-0210,Thu,Ca4,A2-0301,31.199999999999996,26,8,15.077401800056311,3.1884830862633304,2039.0005449293587,770.4030691066131
1,6,SCH00172,LHP0121,80,A2,Mon,Ca1,A2-0210,Fri,Ca4,A2-0301,31.199999999999996,26,8,15.077401800056311,3.1884830862633304,2055.8347588158817,770.563141835603
1,7,SCH00172,LHP0121,80,A2,Mon,Ca1,A2-0210,Mon,Ca4,A2-0301,31.199999999999996,26,8,15.077401800056311,3.1884830862633304,2063.492966361219,771.4235038046367
1,8,SCH00289,LHP0205,80,A2,Mon,Ca1,A2-0713,Tue,Ca4,A2-0301,30.514285714285712,26,8,15.081211323865833,3.1903878481680925,2035.5383945176657,768.8135158946038
1,9,SCH00289,LHP0205,80,A2,Mon,Ca1,A2-0713,Tue,Ca1,A2-0301,30.514285714285712,26,8,15.081211323865833,3.1903878481680925,2035.5383945176657,772.0023028175211
1,10,SCH00289,LHP0205,80,A2,Mon,Ca1,A2-0713,Sat,Ca4,A2-0301,30.514285714285712,26,8,15.081211323865833,3.1903878481680925,2038.68010132918,769.9139923105408
2,1,SCH00289,LHP0205,80,A2,Mon,Ca1,A2-0713,Tue,Ca4,A2-1009,30.514285714285712,26,8,14.907877990532501,3.1037211815014256,2008.2570939886048,756.4440201069445
2,2,SCH00289,LHP0205,80,A2,Mon,Ca1,A2-0713,Tue,Ca1,A2-0301,30.514285714285712,26,8,14.907877990532501,3.1037211815014256,2008.2570939886048,759.3336259876521
2,3,SCH00289,LHP0205,80,A2,Mon,Ca1,A2-0713,Sat,Ca4,A2-0301,30.514285714285712,26,8,14.907877990532501,3.1037211815014256,2010.911042841583,757.2103773427538
2,4,SCH00289,LHP0205,80,A2,Mon,Ca1,A2-0713,Sat,Ca3,A2-0301,30.514285714285712,26,8,14.907877990532501,3.1037211815014256,2010.911042841583,758.7803078332723
2,5,SCH00289,LHP0205,80,A2,Mon,Ca1,A2-0713,Thu,Ca4,A2-0301,30.514285714285712,26,8,14.907877990532501,3.1037211815014256,2011.2359107993495,757.7076539727501
2,6,SCH00289,LHP0205,80,A2,Mon,Ca1,A2-0713,Fri,Ca4,A2-0301,30.514285714285712,26,8,14.907877990532501,3.1037211815014256,2028.30057492035,757.8704081540297
2,7,SCH00289,LHP0205,80,A2,Mon,Ca1,A2-0713,Mon,Ca4,A2-0301,30.514285714285712,26,8,14.907877990532501,3.1037211815014256,2035.5383945176657,758.7451628987312
2,8,SCH00068,LHP0048,72,D,Mon,Ca1,D-0508,Tue,Ca4,D-0201,33.92780487804879,26,8,14.909109117129482,3.094239183824307,2010.9541405898733,757.658380948975
2,9,SCH00068,LHP0048,72,D,Mon,Ca1,D-0508,Tue,Ca1,D-0201,33.92780487804879,26,8,14.909109117129482,3.094239183824307,2010.9541405898733,760.2553664540766
2,10,SCH00068,LHP0048,72,D,Mon,Ca1,D-0508,Sat,Ca4,D-0201,33.92780487804879,26,8,14.909109117129482,3.094239183824307,2013.3396523079646,758.3470328432902
3,1,SCH00068,LHP0048,72,D,Mon,Ca1,D-0508,Tue,Ca4,D-0201,33.92780487804879,26,8,14.739585307605672,3.009477279062402,1984.302536297214,745.7476487093711
3,2,SCH00068,LHP0048,72,D,Mon,Ca1,D-0508,Tue,Ca1,D-0201,33.92780487804879,26,8,14.739585307605672,3.009477279062402,1984.302536297214,748.0652080905485
3,3,SCH00068,LHP0048,72,D,Mon,Ca1,D-0508,Sat,Ca4,D-0201,33.92780487804879,26,8,14.739585307605672,3.009477279062402,1986.2367823488607,746.1256968872976
3,4,SCH00068,LHP0048,72,D,Mon,Ca1,D-0508,Sat,Ca3,D-0201,33.92780487804879,26,8,14.739585307605672,3.009477279062402,1986.2367823488607,747.5597337708576
3,5,SCH00068,LHP0048,72,D,Mon,Ca1,D-0508,Thu,Ca4,D-0201,33.92780487804879,26,8,14.739585307605672,3.009477279062402,1986.532797503116,746.5799056735692
3,6,SCH00068,LHP0048,72,D,Mon,Ca1,D-0508,Fri,Ca4,D-0201,33.92780487804879,26,8,14.739585307605672,3.009477279062402,2002.0870499445211,746.7285688625791
3,7,SCH00068,LHP0048,72,D,Mon,Ca1,D-0508,Mon,Ca4,D-0201,33.92780487804879,26,8,14.739585307605672,3.009477279062402,2008.2570939886048,747.527628623555
3,8,SCH00107,LHP0073,77,A2,Mon,Ca1,A2-0704,Tue,Ca4,A2-0103,29.699999999999996,26,8,14.7428779905325,3.0212211815014256,1982.6606422235304,745.020674582629
3,9,SCH00107,LHP0073,77,A2,Mon,Ca1,A2-0704,Tue,Ca1,A2-0301,29.699999999999996,26,8,14.7428779905325,3.0212211815014256,1982.6606422235304,747.5013192110247
3,10,SCH00107,LHP0073,77,A2,Mon,Ca1,A2-0704,Sat,Ca4,A2-0301,29.699999999999996,26,8,14.7428779905325,3.0212211815014256,1984.7308521700254,745.4253632807394
4,1,SCH00107,LHP0073,77,A2,Mon,Ca1,A2-0704,Tue,Ca4,A2-0103,29.699999999999996,26,7,14.57458530760567,2.926977279062401,1959.3364239512882,734.7869116659302
4,2,SCH00107,LHP0073,77,A2,Mon,Ca1,A2-0704,Tue,Ca1,A2-0301,29.699999999999996,26,7,14.57458530760567,2.926977279062401,1959.3364239512882,736.9886174305694
4,3,SCH00107,LHP0073,77,A2,Mon,Ca1,A2-0704,Sat,Ca4,A2-0301,29.699999999999996,26,7,14.57458530760567,2.926977279062401,1960.9601106487494,734.8829649830116
4,4,SCH00107,LHP0073,77,A2,Mon,Ca1,A2-0704,Sat,Ca3,A2-0301,29.699999999999996,26,7,14.57458530760567,2.926977279062401,1960.9601106487494,736.4398972232711
4,5,SCH00107,LHP0073,77,A2,Mon,Ca1,A2-0704,Thu,Ca4,A2-0301,29.699999999999996,26,7,14.57458530760567,2.926977279062401,1961.2807606822187,735.3761320273834
4,6,SCH00107,LHP0073,77,A2,Mon,Ca1,A2-0704,Fri,Ca4,A2-0301,29.699999999999996,26,7,14.57458530760567,2.926977279062401,1978.1229879751045,735.5375396417386
4,7,SCH00107,LHP0073,77,A2,Mon,Ca1,A2-0704,Mon,Ca4,A2-0301,29.699999999999996,26,7,14.57458530760567,2.926977279062401,1984.302536297214,736.4050440409061
4,8,SCH00451,LHP0319,79,A2,Mon,Ca1,A2-0707,Tue,Ca4,A2-0103,29.117142857142856,26,7,14.577823402843768,2.9285963266814496,1958.6971576932344,734.5090007768606
4,9,SCH00451,LHP0319,79,A2,Mon,Ca1,A2-0707,Tue,Ca1,A2-0301,29.117142857142856,26,7,14.577823402843768,2.9285963266814496,1958.6971576932344,736.7686580980189
4,10,SCH00451,LHP0319,79,A2,Mon,Ca1,A2-0707,Sat,Ca4,A2-0301,29.117142857142856,26,7,14.577823402843768,2.9285963266814496,1960.3635433822528,734.6075860999229
5,1,SCH00451,LHP0319,79,A2,Mon,Ca1,A2-0707,Tue,Ca4,A2-0114,29.117142857142856,26,6,14.412823402843767,2.9255260426565304,1934.4489022860116,724.078418098175
5,2,SCH00451,LHP0319,79,A2,Mon,Ca1,A2-0707,Tue,Ca1,A2-0301,29.117142857142856,26,6,14.412823402843767,2.9255260426565304,1934.4489022860116,726.0215025894358
5,3,SCH00451,LHP0319,79,A2,Mon,Ca1,A2-0707,Sat,Ca4,A2-0301,29.117142857142856,26,6,14.412823402843767,2.9255260426565304,1935.612449731494,723.8283444451607
5,4,SCH00451,LHP0319,79,A2,Mon,Ca1,A2-0707,Sat,Ca3,A2-0301,29.117142857142856,26,6,14.412823402843767,2.9255260426565304,1935.612449731494,725.4500135930954
5,5,SCH00451,LHP0319,79,A2,Mon,Ca1,A2-0707,Thu,Ca4,A2-0301,29.117142857142856,26,6,14.412823402843767,2.9255260426565304,1935.9457350062498,724.3420386039243
5,6,SCH00451,LHP0319,79,A2,Mon,Ca1,A2-0707,Fri,Ca4,A2-0301,29.117142857142856,26,6,14.412823402843767,2.9255260426565304,1953.447607578856,724.5101601925415
5,7,SCH00451,LHP0319,79,A2,Mon,Ca1,A2-0707,Mon,Ca4,A2-0301,29.117142857142856,26,6,14.412823402843767,2.9255260426565304,1959.3364239512882,725.4137133771015
5,8,SCH00547,LHP0392,72,A2,Mon,Ca1,A2-0113,Tue,Ca4,A2-0114,28.38857142857143,26,6,14.416871021891385,2.9255260426565304,1936.6236656155534,725.0046934713979
5,9,SCH00547,LHP0392,72,A2,Mon,Ca1,A2-0113,Tue,Ca1,A2-0301,28.38857142857143,26,6,14.416871021891385,2.9255260426565304,1936.6236656155534,726.7735586519061
5,10,SCH00547,LHP0392,72,A2,Mon,Ca1,A2-0113,Sat,Ca4,A2-0301,28.38857142857143,26,6,14.416871021891385,2.9255260426565304,1937.6829519356934,724.7770730062834
6,1,SCH00469,LHP0332,76,D,Wed,Ca1,D-0202,Tue,Ca4,D-0207,36.98048780487805,26,6,14.229388443494173,2.8460963266814487,1902.70593862764,714.0818502727043
6,2,SCH00469,LHP0332,76,D,Wed,Ca1,D-0202,Sat,Ca4,D-0207,36.98048780487805,26,6,14.229388443494173,2.8460963266814487,1903.3183011665587,713.4873665470344
6,3,SCH00469,LHP0332,76,D,Wed,Ca1,D-0202,Sat,Ca3,D-0207,36.98048780487805,26,6,14.229388443494173,2.8460963266814487,1903.3183011665587,715.0700820354759
6,4,SCH00469,LHP0332,76,D,Wed,Ca1,D-0202,Thu,Ca4,D-0207,36.98048780487805,26,6,14.229388443494173,2.8460963266814487,1903.6443703824748,713.9887176201659
6,5,SCH00469,LHP0332,76,D,Wed,Ca1,D-0202,Fri,Ca4,D-0207,36.98048780487805,26,6,14.229388443494173,2.8460963266814487,1920.767699529424,714.1528003321293
6,6,SCH00469,LHP0332,76,D,Wed,Ca1,D-0202,Mon,Ca4,D-0207,36.98048780487805,26,6,14.229388443494173,2.8460963266814487,1926.5293203640122,715.0346533948936
6,7,SCH00469,LHP0332,76,D,Wed,Ca1,D-0202,Tue,Ca1,D-0207,36.98048780487805,27,5,14.235084471368737,2.8460963266814487,1902.70593862764,715.6278517653028
6,8,SCH00450,LHP0319,79,D,Wed,Ca1,D-0406,Tue,Ca1,D-0203,34.79853658536585,26,6,14.24021161422588,2.8460963266814487,1901.4628286897666,715.3060339618437
6,9,SCH00450,LHP0319,79,D,Wed,Ca1,D-0406,Sat,Ca4,D-0203,34.79853658536585,26,6,14.24021161422588,2.8460963266814487,1902.099775394434,713.0799199404105
6,10,SCH00450,LHP0319,79,D,Wed,Ca1,D-0406,Sat,Ca3,D-0203,34.79853658536585,26,6,14.24021161422588,2.8460963266814487,1902.099775394434,714.7259770165222
7,1,SCH00547,LHP0392,72,A2,Mon,Ca1,A2-0113,Tue,Ca4,A2-0206,28.38857142857143,26,6,14.071674157779887,2.8228024654207577,1880.8024587629848,705.0084317856695
7,2,SCH00547,LHP0392,72,A2,Mon,Ca1,A2-0113,Tue,Ca1,A2-0301,28.38857142857143,26,6,14.071674157779887,2.8228024654207577,1880.8024587629848,706.1691644987686
7,3,SCH00547,LHP0392,72,A2,Mon,Ca1,A2-0113,Sat,Ca4,A2-0301,28.38857142857143,26,6,14.071674157779887,2.8228024654207577,1880.9045400787593,704.1142584047626
7,4,SCH00547,LHP0392,72,A2,Mon,Ca1,A2-0113,Sat,Ca3,A2-0301,28.38857142857143,26,6,14.071674157779887,2.8228024654207577,1880.9045400787593,705.6336789644389
7,5,SCH00547,LHP0392,72,A2,Mon,Ca1,A2-0113,Thu,Ca4,A2-0301,28.38857142857143,26,6,14.071674157779887,2.8228024654207577,1881.2171296500808,704.5955498645226
7,6,SCH00547,LHP0392,72,A2,Mon,Ca1,A2-0113,Fri,Ca4,A2-0301,28.38857142857143,26,6,14.071674157779887,2.8228024654207577,1897.6348144173812,704.7530694426871
7,7,SCH00547,LHP0392,72,A2,Mon,Ca1,A2-0113,Mon,Ca4,A2-0301,28.38857142857143,26,6,14.071674157779887,2.8228024654207577,1902.70593862764,705.5996661626824
7,8,SCH00442,LHP0313,80,A2,Mon,Ca1,A2-0209,Tue,Ca4,A2-0206,28.11428571428571,26,6,14.073197967303697,2.8228024654207577,1878.4097588711102,704.0309336638238
7,9,SCH00442,LHP0313,80,A2,Mon,Ca1,A2-0209,Tue,Ca1,A2-0301,28.11428571428571,26,6,14.073197967303697,2.8228024654207577,1878.4097588711102,705.3223061519858
7,10,SCH00442,LHP0313,80,A2,Mon,Ca1,A2-0209,Sat,Ca4,A2-0301,28.11428571428571,26,6,14.073197967303697,2.8228024654207577,1878.523326682128,703.0359560901246
8,1,SCH00450,LHP0319,79,D,Wed,Ca1,D-0406,Sat,Ca4,D-0203,34.79853658536585,26,6,13.899062369162001,2.767239183824306,1848.0557952135055,694.0681802884274
8,2,SCH00450,LHP0319,79,D,Wed,Ca1,D-0406,Sat,Ca3,D-0203,34.79853658536585,26,6,13.899062369162001,2.767239183824306,1848.0557952135055,695.7592176097194
8,3,SCH00450,LHP0319,79,D,Wed,Ca1,D-0406,Thu,Ca4,D-0203,34.79853658536585,26,6,13.899062369162001,2.767239183824306,1848.4048678673066,694.603883919141
8,4,SCH00450,LHP0319,79,D,Wed,Ca1,D-0406,Tue,Ca1,D-0203,34.79853658536585,26,6,13.899062369162001,2.767239183824306,1848.454730007984,696.3550738587958
8,5,SCH00450,LHP0319,79,D,Wed,Ca1,D-0406,Fri,Ca4,D-0203,34.79853658536585,26,6,13.899062369162001,2.767239183824306,1866.7276775743758,694.7792015373581
8,6,SCH00450,LHP0319,79,D,Wed,Ca1,D-0406,Mon,Ca4,D-0203,34.79853658536585,26,6,13.899062369162001,2.767239183824306,1872.382943975107,695.7213682374735
8,7,SCH00503,LHP0358,79,A2,Wed,Ca1,A2-0901,Sat,Ca4,A2-0301,29.455714285714286,26,6,13.90803130063703,2.767239183824306,1848.0557952135055,694.0681802884274
8,8,SCH00503,LHP0358,79,A2,Wed,Ca1,A2-0901,Sat,Ca3,A2-0301,29.455714285714286,26,6,13.90803130063703,2.767239183824306,1848.0557952135055,695.7592176097194
8,9,SCH00503,LHP0358,79,A2,Wed,Ca1,A2-0901,Thu,Ca4,A2-0301,29.455714285714286,26,6,13.90803130063703,2.767239183824306,1848.4048678673066,694.603883919141
8,10,SCH00503,LHP0358,79,A2,Wed,Ca1,A2-0901,Tue,Ca4,A2-0113,29.455714285714286,26,6,13.90803130063703,2.767239183824306,1848.454730007984,695.404298871447
9,1,SCH00442,LHP0313,80,A2,Mon,Ca1,A2-0209,Thu,Ca4,A2-0301,28.11428571428571,26,6,13.742871892971525,2.726139863794742,1824.033138100536,683.6012279749715
9,2,SCH00442,LHP0313,80,A2,Mon,Ca1,A2-0209,Tue,Ca4,A2-0113,28.11428571428571,26,6,13.742871892971525,2.726139863794742,1824.0843060438724,684.4247990506741
9,3,SCH00442,LHP0313,80,A2,Mon,Ca1,A2-0209,Tue,Ca1,A2-0301,28.11428571428571,26,6,13.742871892971525,2.726139863794742,1824.0843060438724,685.4030241803399
9,4,SCH00442,LHP0313,80,A2,Mon,Ca1,A2-0209,Sat,Ca4,A2-0301,28.11428571428571,26,6,13.742871892971525,2.726139863794742,1824.2524191813175,683.4354192037622
9,5,SCH00442,LHP0313,80,A2,Mon,Ca1,A2-0209,Sat,Ca3,A2-0301,28.11428571428571,26,6,13.742871892971525,2.726139863794742,1824.2524191813175,684.7899718567406
9,6,SCH00442,LHP0313,80,A2,Mon,Ca1,A2-0209,Fri,Ca4,A2-0301,28.11428571428571,26,6,13.742871892971525,2.726139863794742,1842.8321199236304,683.7816212472777
9,7,SCH00442,LHP0313,80,A2,Mon,Ca1,A2-0209,Mon,Ca4,A2-0301,28.11428571428571,26,6,13.742871892971525,2.726139863794742,1848.0557952135055,684.7510293692316
9,8,SCH00129,LHP0091,70,A2,Mon,Ca1,A2-0402,Thu,Ca4,A2-0301,27.900000000000002,26,6,13.744062369162002,2.726139863794742,1826.9893875505195,684.8757592115197
9,9,SCH00129,LHP0091,70,A2,Mon,Ca1,A2-0402,Tue,Ca4,A2-0113,27.900000000000002,26,6,13.744062369162002,2.726139863794742,1827.0340871356384,685.595098355355
9,10,SCH00129,LHP0091,70,A2,Mon,Ca1,A2-0402,Tue,Ca1,A2-0301,27.900000000000002,26,6,13.744062369162002,2.726139863794742,1827.0340871356384,686.4496623124589
10,1,SCH00503,LHP0358,79,A2,Wed,Ca1,A2-0901,Tue,Ca4,A2-0113,29.455714285714286,26,6,13.579229035828668,2.6891439457290676,1791.2409726840838,674.077868070316
10,2,SCH00503,LHP0358,79,A2,Wed,Ca1,A2-0901,Tue,Ca1,A2-0301,29.455714285714286,26,6,13.579229035828668,2.6891439457290676,1791.2409726840838,675.0586805768978
10,3,SCH00503,LHP0358,79,A2,Wed,Ca1,A2-0901,Sat,Ca4,A2-0301,29.455714285714286,26,6,13.579229035828668,2.6891439457290676,1791.4100281311614,673.0858456063057
10,4,SCH00503,LHP0358,79,A2,Wed,Ca1,A2-0901,Sat,Ca3,A2-0301,29.455714285714286,26,6,13.579229035828668,2.6891439457290676,1791.4100281311614,674.444009701489
10,5,SCH00503,LHP0358,79,A2,Wed,Ca1,A2-0901,Thu,Ca4,A2-1009,29.455714285714286,26,6,13.579229035828668,2.6891439457290676,1791.7774849449236,673.6431218052743
10,6,SCH00503,LHP0358,79,A2,Wed,Ca1,A2-0901,Fri,Ca4,A2-0301,29.455714285714286,26,6,13.579229035828668,2.6891439457290676,1810.0915876152665,673.4329753006027
10,7,SCH00503,LHP0358,79,A2,Wed,Ca1,A2-0901,Mon,Ca4,A2-0301,29.455714285714286,26,6,13.579229035828668,2.6891439457290676,1815.3430958239148,674.4049640650309
10,8,SCH00179,LHP0127,73,A2,Wed,Ca1,A2-1003,Tue,Ca4,A2-0113,28.78285714285714,26,6,13.582967131066763,2.6891439457290676,1793.7118559629978,674.7788320792394
10,9,SCH00179,LHP0127,73,A2,Wed,Ca1,A2-1003,Tue,Ca1,A2-0301,28.78285714285714,26,6,13.582967131066763,2.6891439457290676,1793.7118559629978,675.6842622277229
10,10,SCH00179,LHP0127,73,A2,Wed,Ca1,A2-1003,Sat,Ca4,A2-0301,28.78285714285714,26,6,13.582967131066763,2.6891439457290676,1793.867857142462,673.8631578856018
11,1,SCH00129,LHP0091,70,A2,Mon,Ca1,A2-0402,Sat,Ca4,A2-0301,27.900000000000002,26,6,13.424229035828668,2.644318435223313,1770.2234008420771,664.8108544708203
11,2,SCH00129,LHP0091,70,A2,Mon,Ca1,A2-0402,Sat,Ca3,A2-0301,27.900000000000002,26,6,13.424229035828668,2.644318435223313,1770.2234008420771,666.0293829020525
11,3,SCH00129,LHP0091,70,A2,Mon,Ca1,A2-0402,Thu,Ca4,A2-1009,27.900000000000002,26,6,13.424229035828668,2.644318435223313,1770.5528954412957,665.3108087369558
11,4,SCH00129,LHP0091,70,A2,Mon,Ca1,A2-0402,Tue,Ca4,A2-0403,27.900000000000002,26,6,13.424229035828668,2.644318435223313,1770.592430672727,666.0468994164166
11,5,SCH00129,LHP0091,70,A2,Mon,Ca1,A2-0402,Tue,Ca1,A2-0301,27.900000000000002,26,6,13.424229035828668,2.644318435223313,1770.592430672727,666.5809319871736
11,6,SCH00129,LHP0091,70,A2,Mon,Ca1,A2-0402,Fri,Ca4,A2-0301,27.900000000000002,26,6,13.424229035828668,2.644318435223313,1786.9828078511432,665.122273637629
11,7,SCH00129,LHP0091,70,A2,Mon,Ca1,A2-0402,Mon,Ca4,A2-0301,27.900000000000002,26,6,13.424229035828668,2.644318435223313,1791.2409726840838,665.9943484912033
11,8,SCH00065,LHP0046,73,A2,Mon,Ca1,A2-1006,Sat,Ca4,A2-0301,27.84428571428571,26,6,13.424538559638192,2.644318435223313,1769.3376978092365,664.4245421582666
11,9,SCH00065,LHP0046,73,A2,Mon,Ca1,A2-1006,Sat,Ca3,A2-0301,27.84428571428571,26,6,13.424538559638192,2.644318435223313,1769.3376978092365,665.6959808267501
11,10,SCH00065,LHP0046,73,A2,Mon,Ca1,A2-1006,Thu,Ca4,A2-1009,27.84428571428571,26,6,13.424538559638192,2.644318435223313,1769.6814842099568,664.9462175411047
12,1,SCH00179,LHP0127,73,A2,Wed,Ca1,A2-1003,Thu,Ca4,A2-1009,28.78285714285714,26,6,13.264324273923908,2.6116439457290683,1740.0272667084528,655.6893107426887
12,2,SCH00179,LHP0127,73,A2,Wed,Ca1,A2-1003,Tue,Ca4,A2-0403,28.78285714285714,26,6,13.264324273923908,2.6116439457290683,1740.0692195682586,656.4681806624159
12,3,SCH00179,LHP0127,73,A2,Wed,Ca1,A2-1003,Tue,Ca1,A2-0301,28.78285714285714,26,6,13.264324273923908,2.6116439457290683,1740.0692195682586,657.033209882795
12,4,SCH00179,LHP0127,73,A2,Wed,Ca1,A2-1003,Sat,Ca4,A2-1009,28.78285714285714,26,6,13.264324273923908,2.6116439457290683,1740.1671056411667,655.4851680667958
12,5,SCH00179,LHP0127,73,A2,Wed,Ca1,A2-1003,Sat,Ca3,A2-0301,28.78285714285714,26,6,13.264324273923908,2.6116439457290683,1740.1671056411667,656.4496468800093
12,6,SCH00179,LHP0127,73,A2,Wed,Ca1,A2-1003,Fri,Ca4,A2-0301,28.78285714285714,26,6,13.264324273923908,2.6116439457290683,1757.4555154793788,655.489808379115
12,7,SCH00179,LHP0127,73,A2,Wed,Ca1,A2-1003,Mon,Ca4,A2-0301,28.78285714285714,26,6,13.264324273923908,2.6116439457290683,1761.9703617131463,656.4125777452945
12,8,SCH00066,LHP0046,73,A2,Wed,Ca1,A2-0403,Thu,Ca4,A2-1009,27.84428571428571,26,6,13.269538559638193,2.6116439457290683,1740.0272667084528,655.6893107426887
12,9,SCH00066,LHP0046,73,A2,Wed,Ca1,A2-0403,Tue,Ca4,A2-0403,27.84428571428571,26,6,13.269538559638193,2.6116439457290683,1740.0692195682586,656.4681806624159
12,10,SCH00066,LHP0046,73,A2,Wed,Ca1,A2-0403,Tue,Ca1,A2-0301,27.84428571428571,26,6,13.269538559638193,2.6116439457290683,1740.0692195682586,657.033209882795
13,1,SCH00065,LHP0046,73,A2,Mon,Ca1,A2-1006,Tue,Ca4,A2-0403,27.84428571428571,26,6,13.10963379773343,2.5643660542709323,1718.363336304507,647.4170260006725
13,2,SCH00065,LHP0046,73,A2,Mon,Ca1,A2-1006,Tue,Ca1,A2-0301,27.84428571428571,26,6,13.10963379773343,2.5643660542709323,1718.363336304507,647.9899476243611
13,3,SCH00065,LHP0046,73,A2,Mon,Ca1,A2-1006,Sat,Ca4,A2-1009,27.84428571428571,26,6,13.10963379773343,2.5643660542709323,1718.4624587759322,646.4202494421789
13,4,SCH00065,LHP0046,73,A2,Mon,Ca1,A2-1006,Sat,Ca3,A2-0301,27.84428571428571,26,6,13.10963379773343,2.5643660542709323,1718.4624587759322,647.3982331009424
13,5,SCH00065,LHP0046,73,A2,Mon,Ca1,A2-1006,Thu,Ca4,A2-0103,27.84428571428571,26,6,13.10963379773343,2.5643660542709323,1718.837656350619,646.9705471572016
13,6,SCH00065,LHP0046,73,A2,Mon,Ca1,A2-1006,Fri,Ca4,A2-0301,27.84428571428571,26,6,13.10963379773343,2.5643660542709323,1735.9670375774867,646.4249548263296
13,7,SCH00065,LHP0046,73,A2,Mon,Ca1,A2-1006,Mon,Ca4,A2-0301,27.84428571428571,26,6,13.10963379773343,2.5643660542709323,1740.0272667084528,647.3606456648068
13,8,SCH00154,LHP0109,70,A2,Mon,Ca1,A2-0710,Tue,Ca4,A2-0403,27.6,26,6,13.110990940590574,2.5643660542709323,1719.2386557879495,647.7455561835646
13,9,SCH00154,LHP0109,70,A2,Mon,Ca1,A2-0710,Tue,Ca1,A2-0301,27.6,26,6,13.110990940590574,2.5643660542709323,1719.2386557879495,648.2946646566068
13,10,SCH00154,LHP0109,70,A2,Mon,Ca1,A2-0710,Sat,Ca4,A2-1009,27.6,26,6,13.110990940590574,2.5643660542709323,1719.3336564559604,646.7902588079762
14,1,SCH00066,LHP0046,73,A2,Wed,Ca1,A2-0403,Sat,Ca4,A2-1009,27.84428571428571,26,6,12.954943321542954,2.53429870763383,1687.9098185494258,638.1851002822161
14,2,SCH00066,LHP0046,73,A2,Wed,Ca1,A2-0403,Sat,Ca3,A2-0301,27.84428571428571,26,6,12.954943321542954,2.53429870763383,1687.9098185494258,639.1756844213925
14,3,SCH00066,LHP0046,73,A2,Wed,Ca1,A2-0403,Thu,Ca4,A2-0103,27.84428571428571,26,6,12.954943321542954,2.53429870763383,1688.2918060045847,638.7424928891315
14,4,SCH00066,LHP0046,73,A2,Wed,Ca1,A2-0403,Tue,Ca1,A2-0301,27.84428571428571,26,6,12.954943321542954,2.53429870763383,1688.3350444216403,639.7750038533512
14,5,SCH00066,LHP0046,73,A2,Wed,Ca1,A2-0403,Fri,Ca4,A2-0301,27.84428571428571,26,6,12.954943321542954,2.53429870763383,1705.7279645033932,638.1898663842568
14,6,SCH00066,LHP0046,73,A2,Wed,Ca1,A2-0403,Mon,Ca4,A2-0301,27.84428571428571,26,6,12.954943321542954,2.53429870763383,1709.8600007667944,639.1376134205285
14,7,SCH00121,LHP0084,79,A2,Wed,Ca1,A2-0413,Sat,Ca4,A2-1009,27.762857142857143,26,6,12.955395702495334,2.53429870763383,1685.429190311938,637.4513489061123
14,8,SCH00121,LHP0084,79,A2,Wed,Ca1,A2-0413,Sat,Ca3,A2-0301,27.762857142857143,26,6,12.955395702495334,2.53429870763383,1685.429190311938,638.5245144515249
14,9,SCH00121,LHP0084,79,A2,Wed,Ca1,A2-0413,Thu,Ca4,A2-0103,27.762857142857143,26,6,12.955395702495334,2.53429870763383,1685.8431784191025,638.0552266240143
14,10,SCH00121,LHP0084,79,A2,Wed,Ca1,A2-0413,Tue,Ca4,A2-0503,27.762857142857143,26,7,12.955395702495334,2.53429870763383,1685.8900385915513,638.9213349249047
15,1,SCH00154,LHP0109,70,A2,Mon,Ca1,A2-0710,Thu,Ca4,A2-0103,27.6,26,6,12.80160998820962,2.494523495934959,1667.451015439101,629.9188219304311
15,2,SCH00154,LHP0109,70,A2,Mon,Ca1,A2-0710,Tue,Ca4,A2-0503,27.6,26,7,12.80160998820962,2.494523495934959,1667.492995154369,630.6962202377799
15,3,SCH00154,LHP0109,70,A2,Mon,Ca1,A2-0710,Tue,Ca1,A2-0301,27.6,26,6,12.80160998820962,2.494523495934959,1667.492995154369,630.9227809768447
15,4,SCH00154,LHP0109,70,A2,Mon,Ca1,A2-0710,Sat,Ca4,A2-0103,27.6,26,6,12.80160998820962,2.494523495934959,1667.5909437135822,629.7150590192008
15,5,SCH00154,LHP0109,70,A2,Mon,Ca1,A2-0710,Sat,Ca3,A2-0301,27.6,26,6,12.80160998820962,2.494523495934959,1667.5909437135822,630.340031693653
15,6,SCH00154,LHP0109,70,A2,Mon,Ca1,A2-0710,Fri,Ca4,A2-0301,27.6,26,6,12.80160998820962,2.494523495934959,1684.3810600798015,629.381486505248
15,7,SCH00154,LHP0109,70,A2,Mon,Ca1,A2-0710,Mon,Ca4,A2-0301,27.6,26,6,12.80160998820962,2.494523495934959,1687.9098185494258,630.3030135489508
15,8,SCH00125,LHP0088,73,A2,Mon,Ca1,A2-1001,Thu,Ca4,A2-0103,27.218571428571426,26,6,12.803729035828669,2.494523495934959,1666.590498259512,629.5766214069755
15,9,SCH00125,LHP0088,73,A2,Mon,Ca1,A2-1001,Tue,Ca4,A2-0503,27.218571428571426,26,7,12.803729035828669,2.494523495934959,1666.6342996857136,630.3877554507402
15,10,SCH00125,LHP0088,73,A2,Mon,Ca1,A2-1001,Tue,Ca1,A2-0301,27.218571428571426,26,6,12.803729035828669,2.494523495934959,1666.6342996857136,630.6241396866723
