move_no,schedule_id,class_id,num_students,building,from_day,from_shift,from_room,to_day,to_shift,to_room,source_bottleneck_day,source_bottleneck_slot,source_bottleneck_lot,source_bottleneck_direction,source_worst_util_before,source_worst_util_after,total_overload_before,total_overload_after,max_worst_util_before,max_worst_util_after,bottleneck_points_before,bottleneck_points_after,peak_points_before,peak_points_after,evaluated_candidates,improving_candidates
1,SCH00172,LHP0121,80,A2,Mon,Ca1,A2-0210,Tue,Ca4,A2-0301,Mon,S1,P2,Checkout,3.275149752929997,3.1884830862633304,15.26561223506845,15.077401800056311,3.275149752929997,3.1884830862633304,27,26,7,8,1206,1206
2,SCH00289,LHP0205,80,A2,Mon,Ca1,A2-0713,Tue,Ca4,A2-1009,Mon,S1,P2,Checkout,3.1884830862633304,3.1037211815014256,15.077401800056311,14.907877990532501,3.1884830862633304,3.1037211815014256,26,26,8,8,1184,1184
3,SCH00068,LHP0048,72,D,Mon,Ca1,D-0508,Tue,Ca4,D-0201,Mon,S1,P2,Checkout,3.1037211815014256,3.009477279062402,14.907877990532501,14.739585307605672,3.1037211815014256,3.009477279062402,26,26,8,8,1162,1162
4,SCH00107,LHP0073,77,A2,Mon,Ca1,A2-0704,Tue,Ca4,A2-0103,Mon,S1,P2,Checkout,3.009477279062402,2.926977279062401,14.739585307605672,14.57458530760567,3.009477279062402,2.926977279062401,26,26,8,7,1139,1138
5,SCH00451,LHP0319,79,A2,Mon,Ca1,A2-0707,Tue,Ca4,A2-0114,Mon,S1,P2,Checkout,2.926977279062401,2.8460963266814487,14.57458530760567,14.412823402843767,2.926977279062401,2.9255260426565304,26,26,7,6,1117,985
6,SCH00469,LHP0332,76,D,Wed,Ca1,D-0202,Tue,Ca4,D-0207,Wed,S1,P2,Checkout,2.9255260426565304,2.8228024654207577,14.412823402843767,14.229388443494173,2.9255260426565304,2.8460963266814487,26,26,6,6,1144,1137
7,SCH00547,LHP0392,72,A2,Mon,Ca1,A2-0113,Tue,Ca4,A2-0206,Mon,S1,P2,Checkout,2.8460963266814487,2.767239183824306,14.229388443494173,14.071674157779887,2.8460963266814487,2.8228024654207577,26,26,6,6,1095,1056
8,SCH00450,LHP0319,79,D,Wed,Ca1,D-0406,Sat,Ca4,D-0203,Wed,S1,P2,Checkout,2.8228024654207577,2.726139863794742,14.071674157779887,13.899062369162001,2.8228024654207577,2.767239183824306,26,26,6,6,1121,1034
9,SCH00442,LHP0313,80,A2,Mon,Ca1,A2-0209,Thu,Ca4,A2-0301,Mon,S1,P2,Checkout,2.767239183824306,2.6891439457290676,13.899062369162001,13.742871892971525,2.767239183824306,2.726139863794742,26,26,6,6,1073,1036
10,SCH00503,LHP0358,79,A2,Wed,Ca1,A2-0901,Tue,Ca4,A2-0113,Wed,S1,P2,Checkout,2.726139863794742,2.644318435223313,13.742871892971525,13.579229035828668,2.726139863794742,2.6891439457290676,26,26,6,6,1099,1073
11,SCH00129,LHP0091,70,A2,Mon,Ca1,A2-0402,Sat,Ca4,A2-0301,Mon,S1,P2,Checkout,2.6891439457290676,2.6116439457290683,13.579229035828668,13.424229035828668,2.6891439457290676,2.644318435223313,26,26,6,6,1051,1006
12,SCH00179,LHP0127,73,A2,Wed,Ca1,A2-1003,Thu,Ca4,A2-1009,Wed,S1,P2,Checkout,2.644318435223313,2.5643660542709323,13.424229035828668,13.264324273923908,2.644318435223313,2.6116439457290683,26,26,6,6,1077,1026
13,SCH00065,LHP0046,73,A2,Mon,Ca1,A2-1006,Tue,Ca4,A2-0403,Mon,S1,P2,Checkout,2.6116439457290683,2.53429870763383,13.264324273923908,13.10963379773343,2.6116439457290683,2.5643660542709323,26,26,6,6,1028,1018
14,SCH00066,LHP0046,73,A2,Wed,Ca1,A2-0403,Sat,Ca4,A2-1009,Wed,S1,P2,Checkout,2.5643660542709323,2.4870208161756944,13.10963379773343,12.954943321542954,2.5643660542709323,2.53429870763383,26,26,6,6,1055,992
15,SCH00154,LHP0109,70,A2,Mon,Ca1,A2-0710,Thu,Ca4,A2-0103,Mon,S1,P2,Checkout,2.53429870763383,2.4576320409671633,12.954943321542954,12.80160998820962,2.53429870763383,2.494523495934959,26,26,6,6,1006,916
